<?xml version="1.0" encoding="UTF-8"?>
<project-private xmlns="http://www.netbeans.org/ns/project-private/1">
    <editor-bookmarks xmlns="http://www.netbeans.org/ns/editor-bookmarks/2" lastBookmarkId="0"/>
    <open-files xmlns="http://www.netbeans.org/ns/projectui-open-files/2">
        <group>
            <file>file:/D:/UTP/POO/PROYECTO/MiniMarket_MasMas/src/Dao/InventarioDAO.java</file>
            <file>file:/D:/UTP/POO/PROYECTO/MiniMarket_MasMas/src/Dao/VentaDAO.java</file>
            <file>file:/D:/UTP/POO/PROYECTO/MiniMarket_MasMas/src/Dao/Parametros.java</file>
            <file>file:/D:/UTP/POO/PROYECTO/MiniMarket_MasMas/src/Controlador/ControladorVenta.java</file>
            <file>file:/D:/UTP/POO/PROYECTO/MiniMarket_MasMas/src/Dao/ImprimirDAO.java</file>
            <file>file:/D:/UTP/POO/PROYECTO/MiniMarket_MasMas/src/Dao/CategoriaDAO.java</file>
            <file>file:/D:/UTP/POO/PROYECTO/MiniMarket_MasMas/src/Dao/ProductoDAO.java</file>
            <file>file:/D:/UTP/POO/PROYECTO/MiniMarket_MasMas/src/Dao/ConectarBD.java</file>
            <file>file:/D:/UTP/POO/PROYECTO/MiniMarket_MasMas/src/Dao/RolesDAO.java</file>
        </group>
    </open-files>
</project-private>
